"PlanID","ProductID","Description","Platform","Label"
"2","2864","$5K - Speed - P1 - C-Trader","CTrader","2-Step Speed P1 - C-Trader"
"3","0","$5K - Speed - P2 - C-Trader","CTrader","2-Step Speed P2 - C-Trader"
"4","0","$5K - Speed - Funded - C-Trader","CTrader","2-Step Speed Funded - C-Trader"
"5","2869","$10K - Speed - P1 - C-Trader","CTrader","2-Step Speed P1 - C-Trader"
"6","0","$10K - Speed - P2 - C-Trader","CTrader","2-Step Speed P2 - C-Trader"
"7","0","$10K - Speed - Funded - C-Trader","CTrader","2-Step Speed Funded - C-Trader"
"8","2873","$25K - Speed - P1 - C-Trader","CTrader","2-Step Speed P1 - C-Trader"
"9","0","$25K - Speed - P2 - C-Trader","CTrader","2-Step Speed P2 - C-Trader"
"10","0","$25K - Speed - Funded - C-Trader","CTrader","2-Step Speed Funded - C-Trader"
"11","2877","$50K - Speed - P1 - C-Trader","CTrader","2-Step Speed P1 - C-Trader"
"12","0","$50K - Speed - P2 - C-Trader","CTrader","2-Step Speed P2 - C-Trader"
"13","2865","$5K - Standard - P1 - C-Trader","CTrader","2-Step Standard P1 - C-Trader"
"14","0","$5K - Standard - P2 - C-Trader","CTrader","2-Step Standard P2 - C-Trader "
"15","0","$5K - Standard - Funded - C-Trader","CTrader","2-Step Standard Funded - C-Trader"
"16","2870","$10K - Standard - P1 - C-Trader","CTrader","2-Step Standard P1 - C-Trader"
"17","0","$10K - Standard - P2 - C-Trader","CTrader","2-Step Standard P2 - C-Trader"
"18","0","$10K - Standard - Funded - C-Trader","CTrader","2-Step Standard Funded - C-Trader"
"19","2874","$25K - Standard - P1 - C-Trader","CTrader","2-Step Standard P1 - C-Trader"
"20","0","$25K - Standard - P2 - C-Trader","CTrader","2-Step Standard P2 - C-Trader"
"21","0","$25K - Standard - Funded - C-Trader","CTrader","2-Step Standard Funded - C-Trader"
"22","2878","$50K - Standard - P1 - C-Trader","CTrader","2-Step Standard P1 - C-Trader"
"23","0","$50K - Standard - P2 - C-Trader","CTrader","2-Step Standard P2 - C-Trader"
"24","0","$50K - Standard - Funded - C-Trader","CTrader","2-Step Standard Funded - C-Trader"
"25","2883","$100K - Standard - P1 - C-Trader","CTrader","2-Step Standard P1 - C-Trader"
"26","0","$100K - Standard - P2 - C-Trader","CTrader","2-Step Standard P2 - C-Trader"
"27","0","$100K - Standard - Funded - C-Trader","CTrader","2-Step Standard Funded - C-Trader"
"28","2887","$200K - Standard - P1 - C-Trader","CTrader","2-Step Standard P1 - C-Trader"
"29","0","$200K - Standard - P2 - C-Trader","CTrader","2-Step Standard P2 - C-Trader"
"30","0","$200K - Standard - Funded - C-Trader","CTrader","2-Step Standard Funded - C-Trader"
"49","2863","$5K - Nitro - P1 - C-Trader","CTrader","1-Step Nitro - P1 - C-Trader"
"50","0","$5K - Nitro - Funded - C-Trader","CTrader","1-Step Nitro - Funded - C-Trader"
"51","2868","$10K - Nitro - P1 - C-Trader","CTrader","1-Step Nitro - P1 - C-Trader"
"52","0","$10K - Nitro - Funded - C-Trader","CTrader","1-Step Nitro - Funded - C-Trader"
"53","2872","$25K - Nitro - P1 - C-Trader","CTrader","1-Step Nitro - P1 - C-Trader"
"54","0","$25K - Nitro - Funded - C-Trader","CTrader","1-Step Nitro - Funded - C-Trader"
"55","2876","$50K - Nitro - P1 - C-Trader","CTrader","1-Step Nitro - P1 - C-Trader"
"56","0","$50K - Nitro - Funded - C-Trader","CTrader","1-Step Nitro - Funded - C-Trader"
"57","2881","$100K - Nitro - P1 - C-Trader","CTrader","1-Step Nitro - P1 - C-Trader"
"58","0","$100K - Nitro - Funded - C-Trader","CTrader","1-Step Nitro - Funded -C-Trader"
"59","2885","$200K - Nitro - P1 - C-Trader","CTrader","1-Step Nitro - P1 - C-Trader"
"60","0","$200K - Nitro - Funded - C-Trader","CTrader","1-Step Nitro - Funded - C-Trader"
"61","0","$50K - Speed - Funded - C-Trader","CTrader","2-Step Speed Funded - C-Trader"
"62","2882","$100K - Speed - P1 - C-Trader","CTrader","2-Step Speed P1 - C-Trader"
"63","0","$100K - Speed - P2 - C-Trader","CTrader","2-Step Speed P2 - C-Trader"
"64","0","$100K - Speed - Funded - C-Trader","CTrader","2-Step Speed Funded - C-Trader"
"65","2886","$200K - Speed - P1 - C-Trader","CTrader","2-Step Speed P1 - C-Trader"
"66","0","$200K - Speed - P2 - C-Trader","CTrader","2-Step Speed P2 - C-Trader"
"67","0","$200K - Speed - Funded - C-Trader","CTrader","2-Step Speed Funded - C-Trader"
"68","2901","$5K - Speed - P1 - Match","MatchTrader","2-Step Speed P1 - Match"
"69","0","$5K - Speed - P2 - Match","MatchTrader","2-Step Speed P2 - Match"
"70","0","$5K - Speed - Funded - Match","MatchTrader","2-Step Speed Funded - Match"
"71","2908","$10K - Speed - P1 - Match","MatchTrader","2-Step Speed P1 - Match"
"72","0","$10K - Speed - P2 - Match","MatchTrader","2-Step Speed P2 - Match"
"73","0","$10K - Speed - Funded - Match","MatchTrader","2-Step Speed Funded - Match"
"74","2911","$25K - Speed - P1 - Match","MatchTrader","2-Step Speed P1 - Match"
"75","0","$25K - Speed - P2 - Match","MatchTrader","2-Step Speed P2 - Match"
"76","0","$25K - Speed - Funded - Match","MatchTrader","2-Step Speed Funded - Match"
"77","2912","$50K - Speed - P1 - Match","MatchTrader","2-Step Speed P1 - Match"
"78","0","$50K - Speed - P2 - Match","MatchTrader","2-Step Speed P2 - Match"
"79","0","$50K - Speed - Funded - Match","MatchTrader","2-Step Speed Funded - Match"
"80","2909","$100K - Speed - P1 - Match","MatchTrader","2-Step Speed P1 - Match"
"81","0","$100K - Speed - P2 - Match","MatchTrader","2-Step Speed P2 - Match"
"82","0","$100K - Speed - Funded - Match","MatchTrader","2-Step Speed Funded - Match"
"83","2910","$200K - Speed - P1 - Match","MatchTrader","2-Step Speed P1 - Match"
"84","0","$200K - Speed - P2 - Match","MatchTrader","2-Step Speed P2 - Match"
"85","0","$200K - Speed - Funded - Match","MatchTrader","2-Step Speed Funded - Match"
"86","2902","$5K - Standard - P1 - Match","MatchTrader","2-Step Standard P1 - Match"
"87","0","$5K - Standard - P2 - Match","MatchTrader","2-Step Standard P2 - Match"
"88","0","$5K - Standard - Funded - Match","MatchTrader","2-Step Standard Funded - Match"
"89","2913","$10K - Standard - P1 - Match","MatchTrader","2-Step Standard P1 - Match"
"90","0","$10K - Standard - P2 - Match","MatchTrader","2-Step Standard P2 - Match"
"91","0","$10K - Standard - Funded - Match","MatchTrader","2-Step Standard Funded - Match"
"92","2916","$25K - Standard - P1 - Match","MatchTrader","2-Step Standard P1 - Match"
"93","0","$25K - Standard - P2 - Match","MatchTrader","2-Step Standard P2 - Match"
"94","0","$25K - Standard - Funded - Match","MatchTrader","2-Step Standard Funded - Match"
"95","2917","$50K - Standard - P1 - Match","MatchTrader","2-Step Standard P1 - Match"
"96","0","$50K - Standard - P2 - Match","MatchTrader","2-Step Standard P2 - Match"
"97","0","$50K - Standard - Funded - Match","MatchTrader","2-Step Standard Funded - Match"
"98","2914","$100K - Standard - P1 - Match","MatchTrader","2-Step Standard P1 - Match"
"99","0","$100K - Standard - P2 - Match","MatchTrader","2-Step Standard P2 - Match"
"100","0","$100K - Standard - Funded - Match","MatchTrader","2-Step Standard Funded - Match"
"101","2915","$200K - Standard - P1 - Match","MatchTrader","2-Step Standard P1 - Match"
"102","0","$200K - Standard - P2 - Match","MatchTrader","2-Step Standard P2 - Match"
"103","0","$200K - Standard - Funded - Match","MatchTrader","2-Step Standard Funded - Match"
"123","2900","$5K - Nitro - P1 - Match","MatchTrader","1-Step Nitro - P1 - Match"
"124","0","$5K - Nitro - Funded - Match","MatchTrader","1-Step Nitro - Funded - Match"
"125","2903","$10K - Nitro - P1 - Match","MatchTrader","1-Step Nitro - P1 - Match"
"126","0","$10K - Nitro - Funded - Match","MatchTrader","1-Step Nitro - Funded - Match"
"127","2906","$25K - Nitro - P1 - Match","MatchTrader","1-Step Nitro - P1 - Match"
"128","0","$25K - Nitro - Funded - Match","MatchTrader","1-Step Nitro - Funded - Match"
"129","2907","$50K - Nitro - P1 - Match","MatchTrader","1-Step Nitro - P1 - Match"
"130","0","$50K - Nitro - Funded - Match","MatchTrader","1-Step Nitro - Funded - Match"
"133","2904","$100K - Nitro - P1 - Match","MatchTrader","1-Step Nitro - P1 - Match"
"134","0","$100K - Nitro - Funded - Match","MatchTrader","1-Step Nitro - Funded - Match"
"135","2905","$200K - Nitro - P1 - Match","MatchTrader","1-Step Nitro - P1 - Match"
"136","0","$200K - Nitro - Funded - Match","MatchTrader","1-Step Nitro - Funded - Match"
"237","6652","$5k - Instant Funded - C-Trader","CTrader","Instant Funded - C-Trader"
"238","6651","$10k - Instant Funded - C-Trader","CTrader","Instant Funded - C-Trader"
"239","6650","$25k - Instant Funded - C-Trader","CTrader","Instant Funded - C-Trader"
"240","6649","$50k - Instant Funded - C-Trader","CTrader","Instant Funded - C-Trader"
"241","6648","$100k - Instant Funded - C-Trader","CTrader","Instant Funded - C-Trader"
"243","6646","$5k - Instant Funded - Match","MatchTrader","Instant Funded - Match"
"244","6645","$10k - Instant Funded - Match","MatchTrader","Instant Funded - Match"
"245","6644","$25k - Instant Funded - Match","MatchTrader","Instant Funded - Match"
"246","6643","$50k - Instant Funded - Match ","MatchTrader","Instant Funded - Match "
"247","6642","$100k - Instant Funded - Match ","MatchTrader","Instant Funded - Match "
"248","8770","$5k - Instant Funded Pro - C-Trader ","CTrader","Instant Funded Pro - C-Trader "
"249","8771","$10k - Instant Funded Pro - C-Trader","CTrader","Instant Funded Pro - C-Trader "
"250","8772","$25k - Instant Funded Pro - C-Trader","CTrader","Instant Funded Pro - C-Trader"
"251","8773","$50k - Instant Funded Pro - C-Trader","CTrader","Instant Funded Pro - C-Trader"
"252","8774","$100k - Instant Funded Pro - C-Trader","CTrader","Instant Funded Pro - C-Trader"
"253","8775","$5k - Instant Funded Pro - Match","MatchTrader","Instant Funded Pro - Match"
"254","8776","$10k - Instant Funded Pro - Match","MatchTrader","Instant Funded Pro - Match"
"255","8777","$25k - Instant Funded Pro - Match","MatchTrader","Instant Funded Pro - Match"
"256","8778","$50k - Instant Funded Pro - Match","MatchTrader","Instant Funded Pro - Match"
"257","8779","$100k - Instant Funded Pro - Match","MatchTrader","Instant Funded Pro - Match "
"258","10070","$5k - 1-Step Nitro Pro - cTrader","CTrader","1-Step Nitro Pro"
"259","10069","$10k - 1-Step Nitro Pro - cTrader","CTrader","1-Step Nitro Pro"
"260","10068","$25k - 1-Step Nitro Pro - cTrader","CTrader","1-Step Nitro Pro"
"261","10067","$50k - 1-Step Nitro Pro - cTrader","CTrader","1-Step Nitro Pro"
"262","10066","$100k - 1-Step Nitro Pro - cTrader","CTrader","1-Step Nitro Pro"
"263","10072","$100k - 1-Step Nitro Pro - Match","MatchTrader","1-Step Nitro Pro"
"264","10073","$50k - 1-Step Nitro Pro - Match","MatchTrader","1-Step Nitro Pro"
"265","10074","$25k - 1-Step Nitro Pro - Match","MatchTrader","1-Step Nitro Pro"
"266","10075","$10k - 1-Step Nitro Pro - Match","MatchTrader","1-Step Nitro Pro"
"267","10076","$5k - 1-Step Nitro Pro - Match","MatchTrader","1-Step Nitro Pro"
"268","0","$5k - 1-Step Nitro Pro Funded - Match","MatchTrader","1-Step Nitro Pro - Funded"
"269","0","$10k - 1-Step Nitro Pro Funded - Match","MatchTrader","1-Step Nitro Pro - Funded"
"270","0","$25k - 1-Step Nitro Pro Funded - Match","MatchTrader","1-Step Nitro Pro - Funded"
"271","0","$50k - 1-Step Nitro Pro Funded - Match","MatchTrader","1-Step Nitro Pro - Funded"
"272","0","$100k - 1-Step Nitro Pro Funded - Match","MatchTrader","1-Step Nitro Pro - Funded"
"273","0","$100k - 1-Step Nitro Pro Funded - cTrader","CTrader","1-Step Nitro Pro - Funded"
"274","0","$50k - 1-Step Nitro Pro Funded - cTrader","CTrader","1-Step Nitro Pro - Funded"
"275","0","$25k - 1-Step Nitro Pro Funded - cTrader","CTrader","1-Step Nitro Pro - Funded"
"276","0","$10k - 1-Step Nitro Pro Funded - cTrader","CTrader","1-Step Nitro Pro - Funded"
"277","0","$5k - 1-Step Nitro Pro Funded - cTrader","CTrader","1-Step Nitro Pro - Funded"
"278","0","$200k - Instant Funded Pro - C-Trader","CTrader","Instant Funded Pro - C-Trader"
"279","0","$200k - Instant Funded Pro - Match","MatchTrader","Instant Funded Pro - Match"
"280","15031","$5K - Speed - P1 - TL","TradeLocker","2-Step Speed P1 - TL"
"281","15027","$10K - Speed - P1 - TL","TradeLocker","2-Step Speed P1 - TL"
"282","15030","$25K - Speed - P1 - TL","TradeLocker","2-Step Speed P1 - TL"
"283","15032","$50K - Speed - P1 - TL","TradeLocker","2-Step Speed P1 - TL"
"284","15028","$100K - Speed - P1 - TL","TradeLocker","2-Step Speed P1 - TL"
"285","15029","$200K - Speed - P1 - TL","TradeLocker","2-Step Speed P1 - TL"
"286","0","$5K - Speed - P2 - TL","TradeLocker","2-Step Speed P2 - TL"
"287","0","$10K - Speed - P2 - TL","TradeLocker","2-Step Speed P2 - TL"
"288","0","$25K - Speed - P2 - TL","TradeLocker","2-Step Speed P2 - TL"
"289","0","$50K - Speed - P2 - TL","TradeLocker","2-Step Speed P2 - TL"
"290","0","$100K - Speed - P2 - TL","TradeLocker","2-Step Speed P2 - TL"
"291","0","$200K - Speed - P2 - TL","TradeLocker","2-Step Speed P2 - TL"
"292","0","$5K - Speed - Funded - TL","TradeLocker","2-Step Speed Funded - TL"
"293","0","$10K - Speed - Funded - TL","TradeLocker","2-Step Speed Funded - TL"
"294","0","$25K - Speed - Funded - TL","TradeLocker","2-Step Speed Funded - TL"
"295","0","$50K - Speed - Funded - TL","TradeLocker","2-Step Speed Funded - TL"
"296","0","$100K - Speed - Funded - TL","TradeLocker","2-Step Speed Funded - TL"
"297","0","$200K - Speed - Funded - TL","TradeLocker","2-Step Speed Funded - TL"
"298","15037","$5K - Standard - P1 - TL","TradeLocker","2-Step Standard P1 - TL"
"299","15033","$10K - Standard - P1 - TL","TradeLocker","2-Step Standard P1 - TL"
"300","15036","$25K - Standard - P1 - TL","TradeLocker","2-Step Standard P1 - TL"
"301","15038","$50K - Standard - P1 - TL","TradeLocker","2-Step Standard P1 - TL"
"302","15034","$100K - Standard - P1 - TL","TradeLocker","2-Step Standard P1 - TL"
"303","15035","$200K - Standard - P1 - TL","TradeLocker","2-Step Standard P1 - TL"
"304","0","$5K - Standard - P2 - TL","TradeLocker","2-Step Standard P2 - TL"
"305","0","$10K - Standard - P2 - TL","TradeLocker","2-Step Standard P2 - TL"
"306","0","$25K - Standard - P2 - TL","TradeLocker","2-Step Standard P2 - TL"
"307","0","$50K - Standard - P2 - TL","TradeLocker","2-Step Standard P2 - TL"
"308","0","$100K - Standard - P2 - TL","TradeLocker","2-Step Standard P2 - TL"
"309","0","$200K - Standard - P2 - TL","TradeLocker","2-Step Standard P2 - TL"
"310","0","$5K - Standard - Funded - TL","TradeLocker","2-Step Standard Funded - TL"
"311","0","$10K - Standard - Funded - TL","TradeLocker","2-Step Standard Funded - TL "
"312","0","$50K - Standard - Funded - TL","TradeLocker","2-Step Standard Funded - TL"
"313","0","$25K - Standard - Funded - TL","TradeLocker","2-Step Standard Funded - TL"
"314","0","$100K - Standard - Funded - TL","TradeLocker","2-Step Standard Funded - TL"
"315","0","$200K - Standard - Funded - TL","TradeLocker","2-Step Standard Funded - TL"
"316","15019","$5K - Nitro - P1 - TL","TradeLocker","1-Step Nitro - P1 - TL"
"317","15015","$10K - Nitro - P1 - TL","TradeLocker","1-Step Nitro - P1 - TL"
"318","15018","$25K - Nitro - P1 - TL","TradeLocker","1-Step Nitro - P1 - TL"
"319","15020","$50K - Nitro - P1 - TL","TradeLocker","1-Step Nitro - P1 - TL"
"320","15016","$100K - Nitro - P1 - TL","TradeLocker","1-Step Nitro - P1 - TL"
"321","15017","$200K - Nitro - P1 - TL","TradeLocker","1-Step Nitro - P1 - TL"
"322","0","$5K - Nitro - Funded - TL","TradeLocker","1-Step Nitro - Funded - TL"
"323","0","$10K - Nitro - Funded - TL","TradeLocker","1-Step Nitro - Funded - TL"
"324","0","$25K - Nitro - Funded - TL","TradeLocker","1-Step Nitro - Funded - TL"
"325","0","$50K - Nitro - Funded - TL","TradeLocker","1-Step Nitro - Funded - TL"
"326","0","$100K - Nitro - Funded - TL","TradeLocker","1-Step Nitro - Funded - TL"
"327","0","$200K - Nitro - Funded - TL","TradeLocker","1-Step Nitro - Funded - TL"
"328","15025","$5k - 1-Step Nitro Pro - TL","TradeLocker","1-Step Nitro Pro - TL"
"329","15021","$10k - 1-Step Nitro Pro - TL","TradeLocker","1-Step Nitro Pro - TL"
"330","15024","$25k - 1-Step Nitro Pro - TL","TradeLocker","1-Step Nitro Pro - TL"
"331","15026","$50k - 1-Step Nitro Pro - TL","TradeLocker","1-Step Nitro Pro - TL"
"332","15022","$100k - 1-Step Nitro Pro - TL","TradeLocker","1-Step Nitro Pro - TL"
"334","0","$5k - 1-Step Nitro Pro Funded - TL","TradeLocker","1-Step Nitro Pro - Funded - TL"
"335","0","$10k - 1-Step Nitro Pro Funded - TL","TradeLocker","1-Step Nitro Pro - Funded - TL"
"336","0","$25k - 1-Step Nitro Pro Funded - TL","TradeLocker","1-Step Nitro Pro - Funded - TL"
"337","0","$50k - 1-Step Nitro Pro Funded - TL","TradeLocker","1-Step Nitro Pro - Funded - TL"
"338","0","$100k - 1-Step Nitro Pro Funded - TL","TradeLocker","1-Step Nitro Pro - Funded - TL"
"339","15109","$5k - Instant Funded - TL","TradeLocker","Instant Funded - TL"
"340","15105","$10k - Instant Funded - TL","TradeLocker","Instant Funded - TL"
"341","15108","$25k - Instant Funded - TL","TradeLocker","Instant Funded - TL"
"342","15110","$50k - Instant Funded - TL","TradeLocker","Instant Funded - TL"
"343","15106","$100k - Instant Funded - TL","TradeLocker","Instant Funded - TL"
"344","15103","$5k - Instant Funded Pro - TL","TradeLocker","Instant Funded Pro - TL"
"345","15099","$10k - Instant Funded Pro - TL","TradeLocker","Instant Funded Pro - TL"
"346","15102","$25k - Instant Funded Pro - TL","TradeLocker","Instant Funded Pro - TL"
"347","15104","$50k - Instant Funded Pro - TL","TradeLocker","Instant Funded Pro - TL"
"348","15100","$100k - Instant Funded Pro - TL","TradeLocker","Instant Funded Pro - TL"
"349","0","$200k - Instant Funded Pro - TL","TradeLocker","Instant Funded Pro - TL"
"350","20391","$5K - Speed - P1 - MetaTrader 5","MetaTrader5","2-Step Speed P1 - MetaTrader 5"
"351","20390","$10K - Speed - P1 - MetaTrader 5","MetaTrader5","2-Step Speed P1 - MetaTrader 5"
"352","20389","$25K - Speed - P1 - MetaTrader 5","MetaTrader5","2-Step Speed P1 - MetaTrader 5"
"353","20388","$50K - Speed - P1 - MetaTrader 5","MetaTrader5","2-Step Speed P1 - MetaTrader 5"
"354","20387","$100K - Speed - P1 - MetaTrader 5","MetaTrader5","2-Step Speed P1 - MetaTrader 5"
"355","20386","$200K - Speed - P1 - MetaTrader 5","MetaTrader5","2-Step Speed P1 - MetaTrader 5"
"356","20385","$5K - Standard - P1 -MetaTrader 5","MetaTrader5","2-Step Standard P1 - MetaTrader 5"
"357","20384","$10K - Standard - P1 - MetaTrader 5","MetaTrader5","2-Step Standard P1 - MetaTrader 5"
"358","20383","$25K - Standard - P1 - MetaTrader 5","MetaTrader5","2-Step Standard P1 - MetaTrader 5"
"359","20382","$50K - Standard - P1 - MetaTrader 5","MetaTrader5","2-Step Standard P1 - MetaTrader 5"
"360","20381","$100K - Standard - P1 - MetaTrader 5","MetaTrader5","2-Step Standard P1 - MetaTrader 5"
"361","20380","$200K - Standard - P1 - MetaTrader 5","MetaTrader5","2-Step Standard P1 - MetaTrader 5"
"362","20352","$5K - Nitro - P1 - MetaTrader 5","MetaTrader5","1-Step Nitro - P1 - MetaTrader 5"
"363","20351","$10K - Nitro - P1 - MetaTrader 5","MetaTrader5","1-Step Nitro - P1 - MetaTrader 5"
"364","20350","$25K - Nitro - P1 - MetaTrader 5","MetaTrader5","1-Step Nitro - P1 - MetaTrader 5"
"365","20349","$50K - Nitro - P1 - MetaTrader 5","MetaTrader5","1-Step Nitro - P1 - MetaTrader 5"
"366","20348","$100K - Nitro - P1 - MetaTrader 5","MetaTrader5","1-Step Nitro - P1 - MetaTrader 5"
"367","20374","$200K - Nitro - P1 - MetaTrader 5","MetaTrader5","1-Step Nitro - P1 - MetaTrader 5"
"372","20379","$5k - 1-Step Nitro Pro - MetaTrader 5","MetaTrader5","1-Step Nitro Pro - MetaTrader 5"
"373","20378","$10k - 1-Step Nitro Pro - MetaTrader 5","MetaTrader5","1-Step Nitro Pro - MetaTrader 5"
"374","20377","$25k - 1-Step Nitro Pro - MetaTrader 5","MetaTrader5","1-Step Nitro Pro - MetaTrader 5"
"375","20376","$50k - 1-Step Nitro Pro - MetaTrader 5","MetaTrader5","1-Step Nitro Pro - MetaTrader 5"
"376","20375","$100k - 1-Step Nitro Pro - MetaTrader 5","MetaTrader5","1-Step Nitro Pro - MetaTrader 5"
"377","0","$5K - Speed - P2 - MetaTrader 5","MetaTrader5","2-Step Speed P2 - MetaTrader 5"
"378","0","$10K - Speed - P2 - MetaTrader 5","MetaTrader5","2-Step Speed P2 - MetaTrader 5"
"379","0","$25K - Speed - P2 - MetaTrader 5","MetaTrader5","2-Step Speed P2 - MetaTrader 5"
"380","0","$50K - Speed - P2 - MetaTrader 5","MetaTrader5","2-Step Speed P2 - MetaTrader 5"
"381","0","$100K - Speed - P2 - MetaTrader 5","MetaTrader5","2-Step Speed P2 - MetaTrader 5"
"382","0","$200K - Speed - P2 - MetaTrader 5","MetaTrader5","2-Step Speed P2 - MetaTrader 5"
"383","0","$5K - Standard - P2 - MetaTrader 5","MetaTrader5","2-Step Standard P2 - MetaTrader 5"
"384","0","$10K - Standard - P2 - MetaTrader 5","MetaTrader5","2-Step Standard P2 - MetaTrader 5"
"385","0","$25K - Standard - P2 - MetaTrader 5","MetaTrader5","2-Step Standard P2 - MetaTrader 5"
"386","0","$50K - Standard - P2 - MetaTrader 5","MetaTrader5","2-Step Standard P2 - MetaTrader 5"
"387","0","$100K - Standard - P2 - MetaTrader 5","MetaTrader5","2-Step Standard P2 - MetaTrader 5"
"388","0","$200K - Standard - P2 - MetaTrader 5","MetaTrader5","2-Step Standard P2 - MetaTrader 5"
"389","0","$5K - Speed - Funded - MetaTrader 5","MetaTrader5","2-Step Speed Funded -MetaTrader 5"
"390","0","$10K - Speed - Funded - MetaTrader 5","MetaTrader5","2-Step Speed Funded - MetaTrader 5"
"391","0","$25K - Speed - Funded - MetaTrader 5","MetaTrader5","2-Step Speed Funded - MetaTrader 5"
"392","0","$50K - Speed - Funded - MetaTrader 5","MetaTrader5","2-Step Speed Funded - MetaTrader 5"
"393","0","$100K - Speed - Funded - MetaTrader 5","MetaTrader5","2-Step Speed Funded - MetaTrader 5"
"394","0","$200K - Speed - Funded - MetaTrader 5","MetaTrader5","2-Step Speed Funded - MetaTrader 5"
"395","0","$5K - Standard - Funded - MetaTrader 5","MetaTrader5","2-Step Standard Funded - MetaTrader 5"
"396","0","$10K - Standard - Funded - MetaTrader 5","MetaTrader5","2-Step Standard Funded - MetaTrader 5"
"397","0","$25K - Standard - Funded - MetaTrader 5","MetaTrader5","2-Step Standard Funded - MetaTrader 5"
"398","0","$50K - Standard - Funded - MetaTrader 5","MetaTrader5","2-Step Standard Funded - MetaTrader 5"
"399","0","$100K - Standard - Funded - MetaTrader 5","MetaTrader5","2-Step Standard Funded - MetaTrader 5"
"400","0","$200K - Standard - Funded - MetaTrader 5","MetaTrader5","2-Step Standard Funded - MetaTrader 5"
"401","0","$5K - Nitro - Funded - MetaTrader 5","MetaTrader5","1-Step Nitro - Funded - MetaTrader 5"
"402","0","$10K - Nitro - Funded - MetaTrader 5","MetaTrader5","1-Step Nitro - Funded - MetaTrader 5"
"403","0","$25K - Nitro - Funded - MetaTrader 5","MetaTrader5","1-Step Nitro - Funded - MetaTrader 5"
"404","0","$50K - Nitro - Funded - MetaTrader 5","MetaTrader5","1-Step Nitro - Funded - MetaTrader 5"
"405","0","$100K - Nitro - Funded - MetaTrader 5","MetaTrader5","1-Step Nitro - Funded - MetaTrader 5"
"406","0","$200K - Nitro - Funded - MetaTrader 5","MetaTrader5","1-Step Nitro - Funded - MetaTrader 5"
"408","20397","$5k - Instant Funded - MetaTrader 5","MetaTrader5","Instant Funded - MetaTrader 5"
"409","20396","$10k - Instant Funded - MetaTrader 5","MetaTrader5","Instant Funded - MetaTrader 5"
"410","20395","$25k - Instant Funded - MetaTrader 5","MetaTrader5","Instant Funded - MetaTrader 5"
"411","20394","$50k - Instant Funded - MetaTrader 5","MetaTrader5","Instant Funded - MetaTrader 5"
"412","20393","$100k - Instant Funded - MetaTrader 5","MetaTrader5","Instant Funded - MetaTrader 5"
"413","20402","$5k - Instant Funded Pro - MetaTrader 5","MetaTrader5","Instant Funded Pro - MetaTrader 5"
"414","20401","$10k - Instant Funded Pro - MetaTrader 5","MetaTrader5","Instant Funded Pro - MetaTrader 5"
"415","20400","$25k - Instant Funded Pro - MetaTrader 5","MetaTrader5","Instant Funded Pro - MetaTrader 5"
"416","20399","$50k - Instant Funded Pro - MetaTrader 5","MetaTrader5","Instant Funded Pro - MetaTrader 5"
"417","20398","$100k - Instant Funded Pro -MetaTrader 5","MetaTrader5","Instant Funded Pro - MetaTrader 5"
"418","0","$200k - Instant Funded Pro - MetaTrader 5","MetaTrader5","Instant Funded Pro - MetaTrader 5"
"419","0","$5k - 1-Step Nitro Pro Funded - MetaTrader 5","MetaTrader5","1-Step Nitro Pro - Funded - MetaTrader 5"
"420","0","$10k - 1-Step Nitro Pro Funded - MetaTrader 5","MetaTrader5","1-Step Nitro Pro - Funded - MetaTrader 5"
"421","0","$25k - 1-Step Nitro Pro Funded - MetaTrader 5","MetaTrader5","1-Step Nitro Pro - Funded - MetaTrader 5"
"422","0","$50k - 1-Step Nitro Pro Funded - MetaTrader 5","MetaTrader5","1-Step Nitro Pro - Funded - MetaTrader 5"
"423","0","$100k - 1-Step Nitro Pro Funded - MetaTrader 5","MetaTrader5","1-Step Nitro Pro - Funded - MetaTrader 5"
"424","26829","$200k - 1-Step Nitro Pro - cTrader","CTrader","1-Step Nitro Pro "
"425","0","$200k - 1-Step Nitro Pro Funded - cTrader","CTrader","1-Step Nitro Pro - Funded"
"426","26830","$200k - 1-Step Nitro Pro - Match","MatchTrader","1-Step Nitro Pro "
"427","0","$200k - 1-Step Nitro Pro Funded - Match","MatchTrader","1-Step Nitro Pro - Funded"
"428","26832","$200k - 1-Step Nitro Pro - TL","TradeLocker","1-Step Nitro Pro - TL"
"429","0","$200k - 1-Step Nitro Pro Funded - TL","TradeLocker","1-Step Nitro Pro - Funded - TL"
"430","26831","$200k - 1-Step Nitro Pro - MetaTrader 5","MetaTrader5","1-Step Nitro Pro - MetaTrader 5"
"431","0","$200k - 1-Step Nitro Pro Funded - MetaTrader 5","MetaTrader5","1-Step Nitro Pro - Funded - MetaTrader 5"
"433","0","$25k - 1 Step Nitro X - Funded - MetaTrader 5 ","MetaTrader5","$25k - 1 Step Nitro X - Funded - MetaTrader 5 "
"434","0","$50k - 1 Step Nitro X - Funded - MetaTrader 5 ","MetaTrader5","$50k - 1 Step Nitro X - Funded - MetaTrader 5 "
"435","0","$100k - 1 Step Nitro X - Funded - MetaTrader 5 ","MetaTrader5","$100k - 1 Step Nitro X - Funded - MetaTrader 5 "
"436","0","$150k - 1 Step Nitro X - Funded - MetaTrader 5 ","MetaTrader5","$150k - 1 Step Nitro X - Funded - MetaTrader 5 "
"437","70770","$25k - 1 Step Nitro X - P1 - MetaTrader 5","MetaTrader5","$25k - 1 Step Nitro X - P1 - MetaTrader 5"
"438","70774","$50k - 1 Step Nitro X - P1 - MetaTrader 5","MetaTrader5","$50k - 1 Step Nitro X - P1 - MetaTrader 5"
"439","70779","$100k - 1 Step Nitro X - P1 - MetaTrader 5","MetaTrader5","$100k - 1 Step Nitro X - P1 - MetaTrader 5"
"440","70783","$150k - 1 Step Nitro X - P1 - MetaTrader 5","MetaTrader5","$150k - 1 Step Nitro X - P1 - MetaTrader 5"
"441","0","$25k - 1 Step Nitro X - Funded - cTrader","CTrader","$25k - 1 Step Nitro X - Funded - cTrader"
"442","0","$50k - 1 Step Nitro X - Funded - cTrader","CTrader","$50k - 1 Step Nitro X - Funded - cTrader"
"443","0","$100k - 1 Step Nitro X - Funded - cTrader","CTrader","$100k - 1 Step Nitro X - Funded - cTrader"
"444","0","$150k - 1 Step Nitro X - Funded - cTrader","CTrader","$150k - 1 Step Nitro X - Funded - cTrader"
"445","70768","$25k - 1 Step Nitro X - P1 - cTrader","CTrader","$25k - 1 Step Nitro X - P1 - cTrader"
"446","70772","$50k - 1 Step Nitro X - P1 - cTrader","CTrader","$50k - 1 Step Nitro X - P1 - cTrader"
"447","70777","$100k - 1 Step Nitro X - P1 - cTrader","CTrader","$100k - 1 Step Nitro X - P1 - cTrader"
"448","70781","$150k - 1 Step Nitro X - P1 - cTrader","CTrader","$150k - 1 Step Nitro X - P1 - cTrader"
"449","0","$25k - 1 Step Nitro X - Funded - MatchTrader","MatchTrader","$25k - 1 Step Nitro X - Funded - MatchTrader"
"450","0","$50k - 1 Step Nitro X - Funded - MatchTrader","MatchTrader","$50k - 1 Step Nitro X - Funded - MatchTrader"
"451","0","$100k - 1 Step Nitro X - Funded - MatchTrader","MatchTrader","$100k - 1 Step Nitro X - Funded - MatchTrader"
"452","0","$150k - 1 Step Nitro X - Funded - MatchTrader","MatchTrader","$150k - 1 Step Nitro X - Funded - MatchTrader"
"453","70769","$25k - 1 Step Nitro X - P1 - MatchTrader","MatchTrader","$25k - 1 Step Nitro X - P1 - MatchTrader"
"454","70773","$50k - 1 Step Nitro X - P1 - MatchTrader","MatchTrader","$50k - 1 Step Nitro X - P1 - MatchTrader"
"455","70778","$100k - 1 Step Nitro X - P1 - MatchTrader","MatchTrader","$100k - 1 Step Nitro X - P1 - MatchTrader"
"456","70782","$150k - 1 Step Nitro X - P1 - MatchTrader","MatchTrader","$150k - 1 Step Nitro X - P1 - MatchTrader"
"457","0","$25k - 1 Step Nitro X - Funded - TradeLocker","TradeLocker","$25k - 1 Step Nitro X - Funded - TradeLocker"
"458","0","$50k - 1 Step Nitro X - Funded - TradeLocker","TradeLocker","$50k - 1 Step Nitro X - Funded - TradeLocker"
"459","0","$100k - 1 Step Nitro X - Funded - TradeLocker","TradeLocker","$100k - 1 Step Nitro X - Funded - TradeLocker"
"460","0","$150k - 1 Step Nitro X - Funded - TradeLocker","TradeLocker","$150k - 1 Step Nitro X - Funded - TradeLocker"
"461","70771","$25k - 1 Step Nitro X - P1 - TradeLocker","TradeLocker","$25k - 1 Step Nitro X - P1 - TradeLocker"
"462","70776","$50k - 1 Step Nitro X - P1 - TradeLocker","TradeLocker","$50k - 1 Step Nitro X - P1 - TradeLocker"
"463","70780","$100k - 1 Step Nitro X - P1 - TradeLocker","TradeLocker","$100k - 1 Step Nitro X - P1 - TradeLocker"
"464","70784","$150k - 1- Step Nitro X - P1 - Trade Locker","TradeLocker","$150k - 1- Step Nitro X - P1 - Trade Locker"
"465","0","FTM New MT5 - $10K","MetaTrader5","FTM New MT5 - $10K"
"466","0","Default $10K Platform 5 - copy","MetaTrader5","Default $10K Platform 5 - copy"
"469","0","DXFeed/Volumetrica $15K Demo","DXFeed","DXFeed/Volumetrica $15K Demo"
"472","77252","$5K - Instant Funding Plus - C-Trader","CTrader","Instant Funding Plus - C-Trader"
"473","77261","$25K - Instant Funding Plus - C-Trader","CTrader","Instant Funding Plus - C-Trader"
"474","77266","$50K - Instant Funding Plus - C-Trader","CTrader","Instant Funding Plus - C-Trader"
"475","77270","$100K - Instant Funding Plus - C-Trader","CTrader","Instant Funding Plus - C-Trader"
"476","77256","$10K - Instant Funding Plus - C-Trader","CTrader","Instant Funding Plus - C-Trader"
"477","77255","$5K - Instant Funding Plus - TL","TradeLocker","Instant Funding Plus -TL"
"478","77265","$25K - Instant Funding Plus - TL","TradeLocker","Instant Funding Plus - TL"
"479","77269","$50K - Instant Funding Plus - TL","TradeLocker","Instant Funding Plus - TL"
"480","77273","$100K - Instant Funding Plus -TL","TradeLocker","Instant Funding Plus - TL"
"481","77259","$10K - Instant Funding Plus - TL","TradeLocker","Instant Funding Plus - TL"
"482","77254","$5K - Instant Funding Plus - MetaTrader 5","MetaTrader5","Instant Funding Plus - MetaTrader 5"
"483","77258","$10K - Instant Funding Plus - MetaTrader 5","MetaTrader5","Instant Funding Plus - MetaTrader 5"
"484","77264","$25K - Instant Funding Plus - MetaTrader 5","MetaTrader5","Instant Funding Plus - MetaTrader 5"
"485","77268","$50K - Instant Funding Plus - MetaTrader 5","MetaTrader5","Instant Funding Plus - MetaTrader 5"
"486","77272","$100K - Instant Funding Plus - MetaTrader 5","MetaTrader5","Instant Funding Plus - MetaTrader 5"
"487","77253","$5K - Instant Funding Plus - Match","MatchTrader","Instant Funding Plus - Match"
"488","77257","$10K - Instant Funding Plus - Match","MatchTrader","Instant Funding Plus - Match"
"489","77263","$25K - Instant Funding Plus - Match","MatchTrader","Instant Funding Plus - Match"
"490","77267","$50K - Instant Funding Plus - Match","MatchTrader","Instant Funding Plus - Match"
"491","77271","$100K - Instant Funding Plus - Match","MatchTrader","Instant Funding Plus - Match"
"492","0","$100K - 2 Step Plus  - Match ","MatchTrader","2 Step Plus - Funded - Match"
"493","72512","$5K - 2-Step Plus - P1 - C-Trader","CTrader","2-Step Plus P1 - C-Trader"
"494","72516","$10K - 2-Step Plus - P1 - C-Trader","CTrader","2-Step Plus P1 - C-Trader"
"495","72520","$25K - 2-Step Plus - P1 - C-Trader","CTrader","2-Step Plus P1 - C-Trader"
"496","72527","$50K - 2-Step Plus - P1 - C-Trader","CTrader","2-Step Plus P1 - C-Trader"
"497","72531","$100K - 2-Step Plus - P1 - C-Trader","CTrader","2-Step Plus P1 - C-Trader"
"498","78981","$200K - 2-Step Plus - P1 - C-Trader","CTrader","2-Step Plus P1 - C-Trader"
"499","0","$5K - 2-Step Plus - P2 - C-Trader","CTrader","2-Step Plus P2 - C-Trader"
"500","0","$10K - 2-Step Plus - P2 - C-Trader","CTrader","2-Step Plus P2 - C-Trader"
"501","0","$25K - 2-Step Plus - P2 - C-Trader","CTrader","2-Step Plus P2 - C-Trader"
"502","0","$50K - 2-Step Plus - P2 - C-Trader","CTrader","2-Step Plus P2 - C-Trader"
"503","0","$100K - 2-Step Plus - P2 - C-Trader","CTrader","2-Step Plus P2 - C-Trader"
"504","0","$200K - 2-Step Plus - P2 - C-Trader","CTrader","2-Step Plus P2 - C-Trader"
"505","0","$5K - 2-Step Plus - Funded - C-Trader","CTrader","2-Step Plus Funded - C-Trader"
"506","0","$10K - 2-Step Plus - Funded - C-Trader","CTrader","2-Step Plus Funded - C-Trader"
"507","0","$25K - 2-Step Plus - Funded - C-Trader","CTrader","2-Step Plus Funded - C-Trader"
"508","0","$50K - 2-Step Plus - Funded - C-Trader","CTrader","2-Step Plus Funded - C-Trader"
"509","0","$100K - 2-Step Plus - Funded - C-Trader","CTrader","2-Step Plus Funded - C-Trader"
"510","0","$200K - 2-Step Plus - Funded - C-Trader","CTrader","2-Step Plus Funded - C-Trader"
"511","72513","$5K - 2-Step Plus - P1 - Match","MatchTrader","2-Step Plus P1 - Match"
"512","72517","$10K - 2-Step Plus - P1 - Match","MatchTrader","2-Step Plus P1 - Match"
"513","72522","$25K - 2-Step Plus - P1 - Match","MatchTrader","2-Step Plus P1 - Match"
"514","72528","$50K - 2-Step Plus - P1 - Match","MatchTrader","2-Step Plus P1 - Match"
"515","72532","$100K - 2-Step Plus - P1 - Match","MatchTrader","2-Step Plus P1 - Match"
"516","78980","$200K - 2-Step Plus - P1 - Match","MatchTrader","2-Step Plus P1 - Match"
"517","0","$5K - 2-Step Plus - P2 - Match","MatchTrader","2-Step Plus P2 - Match"
"518","0","$10K - 2-Step Plus - P2 - Match","MatchTrader","2-Step Plus P2 - Match"
"519","0","$25K - 2-Step Plus - P2 - Match","MatchTrader","2-Step Plus P2 - Match"
"520","0","$50K - 2-Step Plus - P2 - Match","MatchTrader","2-Step Plus P2 - Match"
"521","0","$100K - 2-Step Plus - P2 - Match","MatchTrader","2-Step Plus P2 - Match"
"522","0","$200K - 2-Step Plus - P2 - Match","MatchTrader","2-Step Plus P2 - Match"
"523","0","$5K - 2-Step Plus - Funded - Match","MatchTrader","2-Step Plus Funded - Match"
"524","0","$10K - 2-Step Plus - Funded - Match","MatchTrader","2-Step Plus Funded - Match"
"525","0","$25K - 2-Step Plus - Funded - Match","MatchTrader","2-Step Plus Funded - Match"
"526","0","$50K - 2-Step Plus - Funded - Match","MatchTrader","2-Step Plus Funded - Match"
"527","0","$100K - 2-Step Plus - Funded - Match","MatchTrader","2-Step Plus Funded - Match"
"528","0","$200K - 2-Step Plus - Funded - Match","MatchTrader","2-Step Plus Funded - Match"
"529","72515","$5K - 2-Step Plus - P1 - TL","TradeLocker","2-Step Plus P1 - TL"
"530","72519","$10K - 2-Step Plus - P1 - TL","TradeLocker","2-Step Plus P1 - TL"
"531","72526","$25K - 2-Step Plus - P1 - TL","TradeLocker","2-Step Plus P1 - TL"
"532","72530","$50K - 2-Step Plus - P1 - TL","TradeLocker","2-Step Plus P1 - TL"
"533","72534","$100K - 2-Step Plus - P1 - TL","TradeLocker","2-Step Plus P1 - TL"
"534","78977","$200K - 2-Step Plus - P1 - TL","TradeLocker","2-Step Plus P1 - TL"
"535","0","$5K - 2-Step Plus - P2 - TL","TradeLocker","2-Step Plus P2 - TL"
"536","0","$10K - 2-Step Plus - P2 - TL","TradeLocker","2-Step Plus P2 - TL"
"537","0","$25K - 2-Step Plus - P2 - TL","TradeLocker","2-Step Plus P2 - TL"
"538","0","$50K - 2-Step Plus - P2 - TL","TradeLocker","2-Step Plus P2 - TL"
"539","0","$100K - 2-Step Plus - P2 - TL","TradeLocker","2-Step Plus P2 - TL"
"540","0","$200K - 2-Step Plus - P2 - TL","TradeLocker","2-Step Plus P2 - TL"
"541","0","$5K - 2-Step Plus - Funded - TL","TradeLocker","2-Step Plus Funded - TL"
"542","0","$10K - 2-Step Plus - Funded - TL","TradeLocker","2-Step Plus Funded - TL"
"543","0","$25K - 2-Step Plus - Funded - TL","TradeLocker","2-Step Plus Funded - TL"
"544","0","$50K - 2-Step Plus - Funded - TL","TradeLocker","2-Step Plus Funded - TL"
"545","0","$100K - 2-Step Plus - Funded - TL","TradeLocker","2-Step Plus Funded - TL"
"546","0","$200K - 2-Step Plus - Funded - TL","TradeLocker","2-Step Plus Funded - TL"
"547","72514","$5K - 2-Step Plus - P1 - MetaTrader 5","MetaTrader5","2-Step Plus P1 - MetaTrader 5"
"548","72518","$10K - 2-Step Plus - P1 - MetaTrader 5","MetaTrader5","2-Step Plus P1 - MetaTrader 5"
"549","72524","$25K - 2-Step Plus - P1 - MetaTrader 5","MetaTrader5","2-Step Plus P1 - MetaTrader 5"
"550","72529","$50K - 2-Step Plus - P1 - MetaTrader 5","MetaTrader5","2-Step Plus P1 - MetaTrader 5"
"551","72533","$100K - 2-Step Plus - P1 - MetaTrader 5","MetaTrader5","2-Step Plus P1 - MetaTrader 5"
"552","78979","$200K - 2-Step Plus - P1 - MetaTrader 5","MetaTrader5","2-Step Plus P1 - MetaTrader 5"
"553","0","$5K - 2-Step Plus - P2 - MetaTrader 5","MetaTrader5","2-Step Plus P2 - MetaTrader 5"
"554","0","$10K - 2-Step Plus - P2 - MetaTrader 5","MetaTrader5","2-Step Plus P2 - MetaTrader 5"
"555","0","$25K - 2-Step Plus - P2 - MetaTrader 5","MetaTrader5","2-Step Plus P2 - MetaTrader 5"
"556","0","$50K - 2-Step Plus - P2 - MetaTrader 5","MetaTrader5","2-Step Plus P2 - MetaTrader 5"
"557","0","$100K - 2-Step Plus - P2 - MetaTrader 5","MetaTrader5","2-Step Plus P2 - MetaTrader 5"
"558","0","$200K - 2-Step Plus - P2 - MetaTrader 5","MetaTrader5","2-Step Plus P2 - MetaTrader 5"
"559","0","$5K - 2-Step Plus - Funded - MetaTrader 5","MetaTrader5","2-Step Plus Funded - MetaTrader 5"
"560","0","$10K - 2-Step Plus - Funded - MetaTrader 5","MetaTrader5","2-Step Plus Funded - MetaTrader 5"
"561","0","$25K - 2-Step Plus - Funded - MetaTrader 5","MetaTrader5","2-Step Plus Funded - MetaTrader 5"
"562","0","$50K - 2-Step Plus - Funded - MetaTrader 5","MetaTrader5","2-Step Plus Funded - MetaTrader 5"
"563","0","$100K - 2-Step Plus - Funded - MetaTrader 5","MetaTrader5","2-Step Plus Funded - MetaTrader 5"
"564","0","$200K - 2-Step Plus - Funded - MetaTrader 5","MetaTrader5","2-Step Plus Funded - MetaTrader 5"
"565","80530","$300K - Nitro - P1 - C-Trader","CTrader","1-Step Nitro - P1 - C-Trader"
"566","0","$300K - Nitro - Funded - C-Trader","CTrader","1-Step Nitro - Funded - C-Trader"
"567","80529","$300K - Nitro - P1 - Match","MatchTrader","1-Step Nitro - P1 - Match"
"568","0","$300K - Nitro - Funded - Match","MatchTrader","1-Step Nitro - Funded - Match"
"569","80527","$300K - Nitro - P1 - TL","TradeLocker","1-Step Nitro - P1 - TL"
"570","0","$300K - Nitro - Funded - TL","TradeLocker","1-Step Nitro - Funded - TL"
"571","80528","$300K - Nitro - P1 - MetaTrader 5","MetaTrader5","1-Step Nitro - P1 - MetaTrader 5"
"572","0","$300K - Nitro - Funded - MetaTrader 5","MetaTrader5","1-Step Nitro - Funded - MetaTrader 5"
"573","80402","$300k - 1-Step Nitro Pro - cTrader","CTrader","1-Step Nitro Pro"
"574","0","$300k - 1-Step Nitro Pro Funded - cTrader","CTrader","1-Step Nitro Pro - Funded"
"575","80403","$300k - 1-Step Nitro Pro - Match","MatchTrader","1-Step Nitro Pro"
"576","0","$300k - 1-Step Nitro Pro Funded - Match","MatchTrader","1-Step Nitro Pro - Funded"
"577","80405","$300k - 1-Step Nitro Pro - TL","TradeLocker","1-Step Nitro Pro - TL"
"578","0","$300k - 1-Step Nitro Pro Funded - TL","TradeLocker","1-Step Nitro Pro - Funded - TL"
"579","80404","$300k - 1-Step Nitro Pro - MetaTrader 5","MetaTrader5","1-Step Nitro Pro - MetaTrader 5"
"580","0","$300k - 1-Step Nitro Pro Funded - MetaTrader 5","MetaTrader5","1-Step Nitro Pro - Funded - MetaTrader 5"